id,name,inventory_line_id/location_id,inventory_line_id/product_id/id,ปป,inventory_line_id/product_qty,inventory_line_id/product_uom
physical_inventory_floor1_count5,นับสต๊อก ชั้น 1 วันที่ 28-Jul-13,สาทร ชั้น 1,__export__.product_product_6966,เทสโก้ สมุดริมห่วงปกพีพี 70g A6/40 แผ่น PPWA6407 bar 0249,1584,เล่ม
,,สาทร ชั้น 1,product_103098,Q-BIZ สมุดปกอ่อนลายไทย 55g 9/30 แผ่น,18000,เล่ม
,,สาทร ชั้น 1,product_106700,Q-BIZ สมุดปกแข็งน้ำเงิน 2/70 แผ่น,25594,เล่ม
,,สาทร ชั้น 1,product_1184820,เทสโก้แวลู สมุดปกแข็งลายไทย   9/60 แพ็ค 6 ,22164,เล่ม
,,สาทร ชั้น 1,product_1184980,เทสโก้แวลู สมุดฉีกเล่มเล็ก  4/90 แพ็ค 10,53280,เล่ม
,,สาทร ชั้น 1,product_1207523,เทสโก้แวลู สมุดปกแข็งสีน้ำเงิน 2/70 แผ่น,2880,เล่ม
,,สาทร ชั้น 1,product_1244402,เทสโก้ สมุดโน๊ตปกหนัง No.188  100 แกรม 60 แผ่น,1164,เล่ม
,,สาทร ชั้น 1,product_1245065,เทสโก้ สมุดโน๊ตปกหนังเล็ก 60แกรม 64 แผ่น,1452,เล่ม
,,สาทร ชั้น 1,product_1451548,เทสโก้ สมุดปกอ่อนสันกาว 8/40 เคลือบโฮโลแกรม PBF8407,2480,เล่ม
,,สาทร ชั้น 1,product_1534561,เทสโก้ สมุดโน๊ตปกหนังกลาง 60แกรม 80แผ่น,96,เล่ม
,,สาทร ชั้น 1,product_1534565,เทสโก้ สมุดโน๊ตปกหนังสันห่วงA5 70g 80ผ.,2600,เล่ม
,,สาทร ชั้น 1,product_1534566,เทสโก้ สมุดบัญชีปกแข็ง 60แกรม 20/100แผ่น HV-201006,1104,เล่ม
,,สาทร ชั้น 1,product_159001,MKR สมุดปกภาพ 50แกรม 9/14แผ่น EF-10 ,2280,เล่ม
,,สาทร ชั้น 1,product_159004,MKR สมุดปกภาพ 50แกรม 9/80แผ่น EF-20,2040,เล่ม
,,สาทร ชั้น 1,product_1726869,เทสโก้ สมุดปกพีพีสันห่วงA5 60 แผ่นรวมปก 70g PPB-A5607,2544,เล่ม
,,สาทร ชั้น 1,product_1802343,เทสโก้ สมุดบัญชีจีนปกหนัง 60 แกรม 20/70 แผ่น,3060,เล่ม
,,สาทร ชั้น 1,product_1911581,เทสโก้ สมุดวาดเขียนเล็ก 80 แกรม  10 แผ่นรวมปก,2568,เล่ม
,,สาทร ชั้น 1,product_1911582,เทสโก้ สมุดวาดเขียนใหญ่ 80 แกรม  10 แผ่นรวมปก,1125,เล่ม
,,สาทร ชั้น 1,product_2188812,เทสโก้สมุดปกแข็งสันห่วงปกน้ำตาล70gB5/100,2328,เล่ม
,,สาทร ชั้น 1,product_2241339,เทสโก้ สมุดปกแข็งแฟนซี 9/100 แผ่น 60 แกรม HV91006,1536,เล่ม
,,สาทร ชั้น 1,product_2321224,เทสโก้ สมุดปกพีพีสันห่วงตัด16 70 แกรม 60 แผ่น PPN16607,3492,เล่ม
,,สาทร ชั้น 1,product_235301,Q-BIZ กระดาษการ์ดสีครีม 110g A4 100 ผ. ,297,ห่อ
,,สาทร ชั้น 1,product_235302,Q-BIZ กระดาษการ์ดสีม่วง 110g A4 100 ผ. ,1132,ห่อ
,,สาทร ชั้น 1,product_235307,Q-BIZ กระดาษถ่ายเอกสารสีม่วง 80g A4 100 แผ่น No.10,1004,ห่อ
,,สาทร ชั้น 1,product_235308,Q-BIZ กระดาษถ่ายเอกสารสีเหลืองทอง 80g A4 100 แผ่น No.11,875,ห่อ
,,สาทร ชั้น 1,product_2525970,เทสโก้ สมุดโน๊ตปกหนัง No.136 80แกรม 30แผ่น,1956,เล่ม
,,สาทร ชั้น 1,product_2525972,เทสโก้ สมุดโน๊ตปกหนัง No.199 100 แกรม 60 แผ่น,948,เล่ม
,,สาทร ชั้น 1,product_2525974,เทสโก้ สมุดโน๊ตปกหนัง No.747 80 แกรม 60 แผ่น,768,เล่ม
,,สาทร ชั้น 1,product_268309,เทสโก้ สมุดฉีกมีเส้น  A80  แพ็ค 10,20400,เล่ม
,,สาทร ชั้น 1,product_268335,เทสโก้ สมุดบัญชีจีนเล็ก 20/100 แผ่นรวมปก 55g 36 แผ่น P6,4774,เล่ม
,,สาทร ชั้น 1,product_2800459,เทสโก้ สมุดปกพีพี 70 แกรม 34แผ่นรวมปกA,6336,เล่ม
,,สาทร ชั้น 1,product_2800460,เทสโก้ สมุดปกพีพี 70 แกรม 34แผ่นรวมปกB,516,เล่ม
,,สาทร ชั้น 1,product_2800461,เทสโก้ สมุดปกพีพี 70 แกรม 34แผ่นรวมปกC,15156,เล่ม
,,สาทร ชั้น 1,product_2800462,เทสโก้ สมุดปกพีพี 70 แกรม 34แผ่นรวมปกD,11832,เล่ม
,,สาทร ชั้น 1,product_2800464,เทสโก้ สมุดปกแข็งสันตรง 70 แกรม 80 แผ่นรวมปกB,3096,เล่ม
,,สาทร ชั้น 1,product_2800467,เทสโก้ สมุดปกแข็งสันห่วงA6 70 แกรม 80 แผ่นรวมปกA,3336,เล่ม
,,สาทร ชั้น 1,product_2800468,เทสโก้ สมุดปกแข็งสันห่วงA6 70 แกรม 80 แผ่นรวมปกB,3276,เล่ม
,,สาทร ชั้น 1,product_2800470,เทสโก้ สมุดปกแข็งสันห่วงA6 70 แกรม 80 แผ่นรวมปกC,5664,เล่ม
,,สาทร ชั้น 1,product_2800471,เทสโก้ สมุดปกแข็งสันห่วงA6 70 แกรม 80 แผ่นรวมปกD,6024,เล่ม
,,สาทร ชั้น 1,product_2800473,เทสโก้ สมุดปกอ่อนสันห่วงบน A7 70 แกรม 40 แผ่นรวมปก แพ็ค 2 เล่มA,3084,เล่ม
,,สาทร ชั้น 1,product_2800474,เทสโก้ สมุดปกอ่อนสันห่วงบน A7 70 แกรม 40 แผ่นรวมปก แพ็ค 2 เล่มB,5412,เล่ม
,,สาทร ชั้น 1,product_2800529,เทสโก้ แวลู สมุดบัญชีจีนเล็ก 20/100 แผ่นรวมปก 55g 40แผ่น,3009,เล่ม
,,สาทร ชั้น 1,product_2800533,เทสโก้ สมุดปกแข็งสันห่วง A6/80 แผ่น 70แกรม ปั๊มฟอยด์,3888,เล่ม
,,สาทร ชั้น 1,product_2800534,เทสโก้ สมุดปกอ่อนสันห่วง 70แกรม 8/40แผ่น เคลือบโฮโลแกรม DWF-8407,2200,เล่ม
,,สาทร ชั้น 1,product_2800538,เทสโก้ สมุดปกแข็งสันห่วง A6/80 แผ่น 70แกรม HVDWA6807,624,เล่ม
,,สาทร ชั้น 1,product_2800539,เทสโก้ สมุดปกแข็งสันห่วง A5/100 แผ่น 70แกรม HVDWA51007,418,เล่ม
,,สาทร ชั้น 1,product_2800540,เทสโก้ สมุดปกพีพีสันห่วงA5/60 แผ่น 70 แกรม PPBD-A5607,1176,เล่ม
,,สาทร ชั้น 1,product_2800541,เทสโก้ สมุดริมห่วงปกพีพี 70g A5/100 แผ่น  PPWA51007,264,เล่ม
,,สาทร ชั้น 1,product_2800543,เทสโก้ สมุดปกแข็งสันตรง 60 แกรม 2/70 แผ่น BV-2706,900,เล่ม
,,สาทร ชั้น 1,product_2800544,เทสโก้ สมุดปกแข็งมุมมัน 70แกรม 5/100แผ่น HVB-51007,504,เล่ม
,,สาทร ชั้น 1,product_2800545,เทสโก้ สมุดปกแข็งหุ้มพลาสติก 100แกรม 5/100แผ่น,1087,เล่ม
,,สาทร ชั้น 1,product_2800638,เทสโก้ สมุดปกอ่อนสันห่วง A6 70 แกรม 40 แผ่นรวมปกA,20040,เล่ม
,,สาทร ชั้น 1,product_2800639,เทสโก้ สมุดปกอ่อนสันห่วง A6 70 แกรม 40 แผ่นรวมปกB,23988,เล่ม
,,สาทร ชั้น 1,product_2800640,เทสโก้ สมุดปกหนา สันห่วง B5 60 แกรม 40แผ่นรวมปกA,15192,เล่ม
,,สาทร ชั้น 1,product_2800641,เทสโก้ สมุดปกหนา สันห่วง B5 60 แกรม 40แผ่นรวมปกB,19872,เล่ม
,,สาทร ชั้น 1,product_2800643,เทสโก้ สมุดปกแข็งสันห่วง A5 70 แกรม100 แผ่นรวมปก B,1644,เล่ม
,,สาทร ชั้น 1,product_2800644,เทสโก้ สมุดปกแข็งสันห่วง A5 70 แกรม100 แผ่นรวมปกC,1248,เล่ม
,,สาทร ชั้น 1,product_2800645,เทสโก้ สมุดปกแข็งสันห่วง A5 70 แกรม100 แผ่นรวมปก D,3432,เล่ม
,,สาทร ชั้น 1,product_2800646,เทสโก้ สมุดปกแข็งสันห่วง A5 70 แกรม100 แผ่นรวมปกE,6508,เล่ม
,,สาทร ชั้น 1,product_2800647,เทสโก้ สมุดปกแข็งสันห่วง A5 70 แกรม100 แผ่นรวมปก F,3984,เล่ม
,,สาทร ชั้น 1,product_2800649,เทสโก้ สมุดปกแข็งสันห่วง B5 70 แกรม100 แผ่นรวมปกA,3432,เล่ม
,,สาทร ชั้น 1,product_2800650,เทสโก้ สมุดปกแข็งสันห่วง B5 70 แกรม100 แผ่นรวมปก B,5172,เล่ม
,,สาทร ชั้น 1,product_2800681,เทสโก้ สมุดปกแข็งสันห่วงทรงยาว 70 แกรม100แผ่นรวมปกA,4476,เล่ม
,,สาทร ชั้น 1,product_2800683,เทสโก้ สมุดปกแข็งสันห่วงทรงยาว 70 แกรม100แผ่นรวมปกB,6696,เล่ม
,,สาทร ชั้น 1,product_2800692,เทสโก้ สมุดปกอ่อนสันห่วงบน A6  70 แกรม 50 แผ่นรวมปกA,17748,เล่ม
,,สาทร ชั้น 1,product_2800693,เทสโก้ สมุดปกอ่อนสันห่วงบน A6  70 แกรม 50 แผ่นรวมปกB,15132,เล่ม
,,สาทร ชั้น 1,product_2800705,เทสโก้ สมุดปกแข็งสันห่วง A5 75 แกรม 150 แผ่นรวมปกA,2232,เล่ม
,,สาทร ชั้น 1,product_2800706,เทสโก้ สมุดปกแข็งแม่เหล็ก ตัด16 70 แกรม 80 แผ่นรวมปกB,408,เล่ม
,,สาทร ชั้น 1,product_2800707,เทสโก้ สมุดปกแข็งแม่เหล็ก ตัด16 70 แกรม 80 แผ่นรวมปกA,228,เล่ม
,,สาทร ชั้น 1,product_2800708,เทสโก้ สมุดปกแข็งสันห่วงบน ตัด16 70 แกรม 80 แผ่นรวมปกB,4692,เล่ม
,,สาทร ชั้น 1,product_2800709,เทสโก้ สมุดปกแข็งสันห่วงบน ตัด16 70 แกรม 80 แผ่นรวมปกA,3216,เล่ม
,,สาทร ชั้น 1,product_2800710,เทสโก้ สมุดบันทึกปกหนังทรงยาว10x15.8 cm. กระดุม-ฟ้า,768,เล่ม
,,สาทร ชั้น 1,product_2800711,เทสโก้ สมุดบันทึกปกหนังทรงยาว7.5x13.5 CM .-ฟ้า,120,เล่ม
,,สาทร ชั้น 1,product_2800714,สมุดใส่นามบัตร 2 ช่อง   ปกแข็ง-ฟ้า,408,เล่ม
,,สาทร ชั้น 1,product_2800716,สมุดใส่นามบัตร 2 ช่อง   ปกแข็ง-ดำ,168,เล่ม
,,สาทร ชั้น 1,product_2800717,เทสโก้ สมุดปกแข็งใส่นามบัตร 3ช่องCH ดำ,680,เล่ม
,,สาทร ชั้น 1,product_2800718,เทสโก้ สมุดปกพีพีสันห่วง A4 70 แกรม 50 แผ่นรวมปกB,384,เล่ม
,,สาทร ชั้น 1,product_2800719,เทสโก้ สมุดปกพีพีสันห่วง A4 70 แกรม 50 แผ่นรวมปกA,3200,เล่ม
,,สาทร ชั้น 1,product_2800720,เทสโก้ สมุดปกแข็งสันตรง A6 70 แกรม 100 แผ่นรวมปกB,2568,เล่ม
,,สาทร ชั้น 1,product_2800728,เทสโก้ สมุดปกพีพีสันห่วง A5 70 แกรม 80 แผ่นรวมปกB,4032,เล่ม
,,สาทร ชั้น 1,product_2800752,เทสโก้ สมุดปกพีพีสันห่วง A6 70 แกรม 60 แผ่นรวมปกC,1620,เล่ม
,,สาทร ชั้น 1,product_2800753,เทสโก้ สมุดปกพีพีสันห่วง A6 70 แกรม 60 แผ่นรวมปกD,2268,เล่ม
,,สาทร ชั้น 1,product_3453871,คัดเดิลมี สมุดปกแข็งสันห่วง A5/100s 70g,3288,เล่ม
,,สาทร ชั้น 1,product_3453888,คัดเดิลมี สมุดปกน้ำตาลเย็บลวด 34s 70g ,588,เล่ม
,,สาทร ชั้น 1,product_3453894,คัดเดิลมี สมุดปกแข็งสันห่วง A6/80s 70g,1800,เล่ม
,,สาทร ชั้น 1,product_3454188,เทสโก้ สมุดปกอ่อนสันห่วง A6/40s 75g-ECO,408,เล่ม
,,สาทร ชั้น 1,product_3454196,เทสโก้ สมุดปกหนาสันห่วง B5/40s 75g-ECO,408,เล่ม
,,สาทร ชั้น 1,product_3454207,เทสโก้ สมุดปกแข็งสันห่วงA5/100s75g-ECO-1,432,เล่ม
,,สาทร ชั้น 1,product_3454213,เทสโก้ สมุดปกแข็งสันห่วง B5/100s 75g-ECO,456,เล่ม
,,สาทร ชั้น 1,product_3454236,เทสโก้ สมุดปกน้ำตาลเย็บลวด 34s 75g -ECO,408,เล่ม
,,สาทร ชั้น 1,product_3454242,เทสโก้ สมุดปกแข็งสันตรง 75g 80s-ECO-1,408,เล่ม
,,สาทร ชั้น 1,product_3454259,เทสโก้ สมุดปกแข็งสันห่วง A6/80s75g-ECO-1,408,เล่ม
,,สาทร ชั้น 1,product_3454271,เทสโก้ สมุดปกแข็งสันตรง A5/80s 75g-ECO-1,408,เล่ม
,,สาทร ชั้น 1,product_3454294,เทสโก้ สมุดปกแข็งแม่เหล็ก16/80s75g-ECO-1,468,เล่ม
,,สาทร ชั้น 1,product_3454311,เทสโก้ สมุดปกแข็งสันตรงA6/100s 75g-ECO-1,408,เล่ม
,,สาทร ชั้น 1,product_3454340,เทสโก้ สมุดบัญชี 20/100s 75g-ECO,2095,เล่ม
,,สาทร ชั้น 1,product_3454363,เทสโก้ สมุดปกแข็งสันตรง 75g 80s-ECO-2,408,เล่ม
,,สาทร ชั้น 1,product_3454378,เทสโก้ สมุดปกแข็งสันห่วง A6/80s75g-ECO-2,408,เล่ม
,,สาทร ชั้น 1,product_3454386,เทสโก้ สมุดปกแข็งสันตรงA6/100s 75g-ECO-2,408,เล่ม
,,สาทร ชั้น 1,product_3454403,เทสโก้ สมุดปกแข็งแม่เหล็ก16/80s75g-ECO-2,1476,เล่ม
,,สาทร ชั้น 1,product_3454418,เทสโก้ สมุดปกแข็งสันตรง A5/80s 75g-ECO-2,408,เล่ม
,,สาทร ชั้น 1,product_3454426,เทสโก้ สมุดปกแข็งสันห่วงA5/100s75g-ECO-2,456,เล่ม
,,สาทร ชั้น 1,product_3454432,เทสโก้ สมุดสันห่วงบน A7/40s 75g P2-ECO,1512,เล่ม
,,สาทร ชั้น 1,product_56875,สมุดปกแข็งน้ำเงิน 2/70 แผ่น,17968,เล่ม
,,สาทร ชั้น 1,product_94809,Q-BIZ กระดาษถ่ายเอกสารสีเข้ม 80g A4 200 ผ.(คละสีNo.12-15),127,ห่อ
,,สาทร ชั้น 1,product_95056,Q-BIZ กระดาษการ์ดสี 110g A4 200 ผ. (คละสี),200,ห่อ
,,สาทร ชั้น 1,product_N-BL-260,สมุดปกน้ำเงิน 55แกรม 2/60แผ่น,6024,เล่ม
,,สาทร ชั้น 1,product_N-BL-280,สมุดปกน้ำเงิน 55แกรม 2/80แผ่น,7928,เล่ม
,,สาทร ชั้น 1,product_N-D-410VE,สมุดวาดเขียนวีนัส 120แกรม 4/10แผ่น,5967,เล่ม
,,สาทร ชั้น 1,product_N-D-810VE,สมุดวาดเขียนวีนัส 100แกรม 8/10แผ่น,2100,เล่ม
,,สาทร ชั้น 1,product_N-EF10,สมุดปกภาพ 50แกรม 9/34แผ่น EF-10,32184,เล่ม
,,สาทร ชั้น 1,product_N-EF20,สมุดปกภาพ 50แกรม 9/80แผ่น EF-20,6888,เล่ม
,,สาทร ชั้น 1,product_N-EF5,สมุดปกภาพ 50แกรม 9/14แผ่น EF-5 ,31728,เล่ม
,,สาทร ชั้น 1,product_N-F8306,สมุดปกภาพ 60แกรม 8/30แผ่น F-8306,6456,เล่ม
,,สาทร ชั้น 1,product_N-F8307,สมุดปกภาพ 70แกรม 8/30แผ่น F-8307,2760,เล่ม
,,สาทร ชั้น 1,product_N-F9100,สมุดปกภาพ 60แกรม 9/100แผ่น F-9100,3444,เล่ม
,,สาทร ชั้น 1,product_N-F920,สมุดปกภาพ 60แกรม 9/20แผ่น F-920,50808,เล่ม
,,สาทร ชั้น 1,product_N-F940,สมุดปกภาพ 60แกรม 9/40แผ่น F-940,29460,เล่ม
,,สาทร ชั้น 1,product_N-F950,สมุดปกภาพ 60แกรม 9/50แผ่น F-950,6864,เล่ม
,,สาทร ชั้น 1,product_N-F960,สมุดปกภาพ 60แกรม 9/60แผ่น F-960,9792,เล่ม
,,สาทร ชั้น 1,product_N-F980,สมุดปกภาพ 60แกรม 9/80แผ่น F-980,17508,เล่ม
,,สาทร ชั้น 1,product_N-GNB-B5307,สมุดปกอ่อนสันกาวตัด8 70แกรม 8/30แผ่น GNB-B5307,8760,เล่ม
,,สาทร ชั้น 1,product_N-GNB-B5406,สมุดปกอ่อนสันกาวตัด8 60แกรม 8/40แผ่น GNB-B5406,3528,เล่ม
,,สาทร ชั้น 1,product_N-GNB-B5407,สมุดปกอ่อนสันกาวตัด8 70แกรม 8/40แผ่น GNB-B5407,6400,เล่ม
,,สาทร ชั้น 1,product_N-HVB-51007,สมุดปกแข็งมุมมัน 70แกรม 5/100แผ่น HVB-51007,5195,เล่ม
,,สาทร ชั้น 1,product_N-MIS-DW930,สมุดริมห่วงวีนัส 9/30แผ่น,6984,เล่ม
,,สาทร ชั้น 1,product_N-MIS-VE924,สมุดปกสีวีนัส 70แกรม 9/24แผ่น,6612,เล่ม
,,สาทร ชั้น 1,product_N-NV-M-A5407,สมุดปกอ่อนสันกาวสีเมทาลิค 70แกรม A5/40แผ่น NV-M-A5407,756,เล่ม
,,สาทร ชั้น 1,product_N-TD-9100,สมุดปกแข็งลายไทย 55แกรม 9/100แผ่น,11844,เล่ม
,,สาทร ชั้น 1,product_N-TD-930,สมุดปกอ่อนลายไทย 55แกรม 9/30แผ่น,1824,เล่ม
,,สาทร ชั้น 1,product_N-TD-936,สมุดปกอ่อนลายไทย 55แกรม 9/36แผ่น,3216,เล่ม
,,สาทร ชั้น 1,product_N-TD-940,สมุดปกอ่อนลายไทย 55แกรม 9/40แผ่น,36,เล่ม
,,สาทร ชั้น 1,product_N-TD-970,สมุดปกแข็งลายไทย 55แกรม 9/70แผ่น,17436,เล่ม
,,สาทร ชั้น 1,product_N-TS-A70NL,สมุดฉีกไม่มีเส้น A70แผ่นเต็ม,18975,เล่ม
,,สาทร ชั้น 1,product_N-TS-A90L,สมุดฉีกมีเส้น A90แผ่นเต็ม,16540,เล่ม
,,สาทร ชั้น 1,product_N-TS-AA100NL,สมุดฉีกไม่มีเส้น AA100แผ่นเต็ม,16000,เล่ม
,,สาทร ชั้น 1,product_N-TS-NO4NL,สมุดฉีกไม่มีเส้น NO.4 100แผ่นเต็ม,62325,เล่ม
,,สาทร ชั้น 1,product_P-CWF-001,กระดาษการ์ดสี A4 120แกรม 50แผ่น สีฟ้า ,400,ห่อ
,,สาทร ชั้น 1,product_P-CWF-002,กระดาษการ์ดสี A4 120แกรม 50แผ่น สีชมพู ,300,ห่อ
,,สาทร ชั้น 1,product_P-CWF-003,กระดาษการ์ดสี A4 120แกรม 50แผ่น สีเขียว ,350,ห่อ
,,สาทร ชั้น 1,product_P-CWF-005,กระดาษการ์ดสี A4 120แกรม 50แผ่น สีม่วง ,30,ห่อ
,,สาทร ชั้น 1,product_P-CWF-006,กระดาษการ์ดสี A4 120แกรม 50แผ่น สีส้ม ,30,ห่อ
,,สาทร ชั้น 1,product_P-CWF-007,กระดาษการ์ดสี A4 120แกรม 50แผ่น สีครีม ,20,ห่อ
,,สาทร ชั้น 1,product_P-CWF-008,กระดาษการ์ดสี A4 120แกรม 180แผ่น สีฟ้า ,898,ห่อ
,,สาทร ชั้น 1,product_P-CWF-009,กระดาษการ์ดสี A4 120แกรม 180แผ่น สีชมพู ,599,ห่อ
,,สาทร ชั้น 1,product_P-CWF-010,กระดาษการ์ดสี A4 120แกรม 180แผ่น สีเขียว ,490,ห่อ
,,สาทร ชั้น 1,product_P-CWF-011,กระดาษการ์ดสี A4 120แกรม 180แผ่น สีเหลือง ,561,ห่อ
,,สาทร ชั้น 1,product_P-CWF-012,กระดาษการ์ดสี A4 120แกรม 180แผ่น สีม่วง ,256,ห่อ
,,สาทร ชั้น 1,product_P-CWF-014,กระดาษการ์ดสี A4 120แกรม 180แผ่น สีครีม ,1061,ห่อ
,,สาทร ชั้น 1,product_P-CWF-015,กระดาษการ์ดสี A4 120แกรม 200แผ่น สีฟ้า ,627,ห่อ
,,สาทร ชั้น 1,product_P-CWF-016,กระดาษการ์ดสี A4 120แกรม 200แผ่น สีชมพู ,90,ห่อ
,,สาทร ชั้น 1,product_P-CWF-017,กระดาษการ์ดสี A4 120แกรม 200แผ่น สีเขียว ,537,ห่อ
,,สาทร ชั้น 1,product_P-CWF-018,กระดาษการ์ดสี A4 120แกรม 200แผ่น สีเหลือง ,290,ห่อ
,,สาทร ชั้น 1,product_P-CWF-019,กระดาษการ์ดสี A4 120แกรม 200แผ่น สีม่วง ,489,ห่อ
,,สาทร ชั้น 1,product_P-CWF-020,กระดาษการ์ดสี A4 120แกรม 200แผ่น สีส้ม ,298,ห่อ
,,สาทร ชั้น 1,product_P-CWF-021,กระดาษการ์ดสี A4 120แกรม 200แผ่น สีครีม ,617,ห่อ
,,สาทร ชั้น 1,product_P-CWF-024,กระดาษการ์ดสี A4 150แกรม 180แผ่น สีเขียว ,229,ห่อ
,,สาทร ชั้น 1,product_P-CWF-026,กระดาษการ์ดสี A4 150แกรม 200แผ่น สีฟ้า ,371,ห่อ
,,สาทร ชั้น 1,product_P-CWF-028,กระดาษการ์ดสี A4 150แกรม 200แผ่น สีเขียว ,174,ห่อ
,,สาทร ชั้น 1,product_P-CWF-029,กระดาษการ์ดสี A4 150แกรม 200แผ่น สีเหลือง ,278,ห่อ
,,สาทร ชั้น 1,product_P-PCWF-001,กระดาษถ่ายเอกสารสี A4 80แกรม 50แผ่น เบอร์1สีฟ้าเข้ม,306,ห่อ
,,สาทร ชั้น 1,product_P-PCWF-002,กระดาษถ่ายเอกสารสี A4 80แกรม 50แผ่น เบอร์2สีเขียวเข้ม,136,ห่อ
,,สาทร ชั้น 1,product_P-PCWF-003,กระดาษถ่ายเอกสารสี A4 80แกรม 50แผ่น เบอร์3สีเหลือง,180,ห่อ
,,สาทร ชั้น 1,product_P-PCWF-004,กระดาษถ่ายเอกสารสี A4 80แกรม 50แผ่น เบอร์4สีชมพูเข้ม,590,ห่อ
,,สาทร ชั้น 1,product_P-PCWF-005,กระดาษถ่ายเอกสารสี A4 80แกรม 50แผ่น เบอร์5สีชมพูอ่อน,190,ห่อ
,,สาทร ชั้น 1,product_P-PCWF-006,กระดาษถ่ายเอกสารสี A4 80แกรม 50แผ่น เบอร์6สีฟ้าอ่อน,60,ห่อ
,,สาทร ชั้น 1,product_P-PCWF-007,กระดาษถ่ายเอกสารสี A4 80แกรม 50แผ่น เบอร์7สีครีม,30,ห่อ
,,สาทร ชั้น 1,product_P-PCWF-008,กระดาษถ่ายเอกสารสี A4 80แกรม 50แผ่น เบอร์8สีเขียวอ่อน,260,ห่อ
,,สาทร ชั้น 1,product_P-PCWF-009,กระดาษถ่ายเอกสารสี A4 80แกรม 50แผ่น เบอร์9สีส้มโอรส,30,ห่อ
,,สาทร ชั้น 1,product_P-PCWF-011,กระดาษถ่ายเอกสารสี A4 80แกรม 50แผ่น เบอร์11สีไข่ไก่,220,ห่อ
,,สาทร ชั้น 1,product_P-PCWF-012,กระดาษถ่ายเอกสารสี A4 80แกรม 50แผ่น เบอร์12สีเหลืองเข้ม,185,ห่อ
,,สาทร ชั้น 1,product_P-PCWF-013,กระดาษถ่ายเอกสารสี A4 80แกรม 50แผ่น เบอร์13สีฟ้า,45,ห่อ
,,สาทร ชั้น 1,product_P-PCWF-014,กระดาษถ่ายเอกสารสี A4 80แกรม 50แผ่น เบอร์14สีเขียว,114,ห่อ
,,สาทร ชั้น 1,product_P-PCWF-016,กระดาษถ่ายเอกสารสี A4 80แกรม 50แผ่น เบอร์16สีแดง,65,ห่อ
,,สาทร ชั้น 1,product_P-PCWF-017,กระดาษถ่ายเอกสารสี A4 80แกรม 500แผ่น เบอร์1สีฟ้าเข้ม,242,ห่อ
,,สาทร ชั้น 1,product_P-PCWF-020,กระดาษถ่ายเอกสารสี A4 80แกรม 500แผ่น เบอร์4สีชมพูเข้ม,208,ห่อ
,,สาทร ชั้น 1,product_P-PCWF-021,กระดาษถ่ายเอกสารสี A4 80แกรม 500แผ่น เบอร์5สีชมพูอ่อน,326,ห่อ
,,สาทร ชั้น 1,product_P-PCWF-022,กระดาษถ่ายเอกสารสี A4 80แกรม 500แผ่น เบอร์6สีฟ้าอ่อน,341,ห่อ
,,สาทร ชั้น 1,product_P-PCWF-023,กระดาษถ่ายเอกสารสี A4 80แกรม 500แผ่น เบอร์7สีครีม,286,ห่อ
,,สาทร ชั้น 1,product_P-PCWF-024,กระดาษถ่ายเอกสารสี A4 80แกรม 500แผ่น เบอร์8สีเขียวอ่อน,351,ห่อ
,,สาทร ชั้น 1,product_P-PCWF-025,กระดาษถ่ายเอกสารสี A4 80แกรม 500แผ่น เบอร์9สีส้มโอรส,357,ห่อ
,,สาทร ชั้น 1,product_P-PCWF-026,กระดาษถ่ายเอกสารสี A4 80แกรม 500แผ่น เบอร์10สีม่วง,66,ห่อ
,,สาทร ชั้น 1,product_P-PCWF-027,กระดาษถ่ายเอกสารสี A4 80แกรม 500แผ่น เบอร์11สีไข่ไก่,219,ห่อ
,,สาทร ชั้น 1,product_P-PCWF-028,กระดาษถ่ายเอกสารสี A4 80แกรม 500แผ่น เบอร์12สีเหลืองเข้ม,122,ห่อ
,,สาทร ชั้น 1,product_P-PCWF-029,กระดาษถ่ายเอกสารสี A4 80แกรม 500แผ่น เบอร์13สีฟ้า,80,ห่อ
,,สาทร ชั้น 1,product_P-PCWF-030,กระดาษถ่ายเอกสารสี A4 80แกรม 500แผ่น เบอร์14สีเขียว,166,ห่อ
,,สาทร ชั้น 1,product_P-PCWF-031,กระดาษถ่ายเอกสารสี A4 80แกรม 500แผ่น เบอร์15สีส้ม,283,ห่อ
,,สาทร ชั้น 1,product_P-PCWF-032,กระดาษถ่ายเอกสารสี A4 80แกรม 500แผ่น เบอร์16สีแดง,213,ห่อ
,,สาทร ชั้น 1,product_P-PCWF-034,กระดาษถ่ายเอกสารสีสะท้อนแสง A4 80แกรม 100แผ่น เบอร์18สีโอรส,17,ห่อ
,,สาทร ชั้น 1,product_P-PCWF-035,กระดาษถ่ายเอกสารสีสะท้อนแสง A4 80แกรม 100แผ่น เบอร์19สีส้ม,243,ห่อ
,,สาทร ชั้น 1,product_P-PCWF-036,กระดาษถ่ายเอกสารสีสะท้อนแสง A4 80แกรม 100แผ่น เบอร์20สีเขียว,229,ห่อ
,,สาทร ชั้น 1,product_P-PCWF-039,กระดาษถ่ายเอกสารสีสะท้อนแสง A4 80แกรม 500แผ่น เบอร์18สีโอรส,177,ห่อ
,,สาทร ชั้น 1,product_P-PCWF-040,กระดาษถ่ายเอกสารสีสะท้อนแสง A4 80แกรม 500แผ่น เบอร์19สีส้ม,181,ห่อ
,,สาทร ชั้น 1,product_P-PCWF-041,กระดาษถ่ายเอกสารสีสะท้อนแสง A4 80แกรม 500แผ่น เบอร์20สีเขียว,135,ห่อ
,,สาทร ชั้น 1,product_P-PCWF-042,กระดาษถ่ายเอกสารสีสะท้อนแสง A4 80แกรม 500แผ่น เบอร์21สีเหลือง,109,ห่อ
,,สาทร ชั้น 1,product_P-PT-001,กระดาษโปสเตอร์อ่อน 1หน้า เบอร์1สีแดงเข้ม,4300,แผ่น
,,สาทร ชั้น 1,product_P-PT-002,กระดาษโปสเตอร์อ่อน 1หน้า เบอร์2สีแดงอ่อน,4100,แผ่น
,,สาทร ชั้น 1,product_P-PT-003,กระดาษโปสเตอร์อ่อน 1หน้า เบอร์3สีส้ม,3500,แผ่น
,,สาทร ชั้น 1,product_P-PT-004,กระดาษโปสเตอร์อ่อน 1หน้า เบอร์4สีเหลืองเข้ม,1800,แผ่น
,,สาทร ชั้น 1,product_P-PT-005,กระดาษโปสเตอร์อ่อน 1หน้า เบอร์5สีเหลืองอ่อน,1000,แผ่น
,,สาทร ชั้น 1,product_P-PT-006,กระดาษโปสเตอร์อ่อน 1หน้า เบอร์6สีครีม,4500,แผ่น
,,สาทร ชั้น 1,product_P-PT-007,กระดาษโปสเตอร์อ่อน 1หน้า เบอร์7สีเขียวเข้ม,3000,แผ่น
,,สาทร ชั้น 1,product_P-PT-008,กระดาษโปสเตอร์อ่อน 1หน้า เบอร์8สีเขียวกลาง,7700,แผ่น
,,สาทร ชั้น 1,product_P-PT-009,กระดาษโปสเตอร์อ่อน 1หน้า เบอร์9สีเขียวอ่อน,3300,แผ่น
,,สาทร ชั้น 1,product_P-PT-011,กระดาษโปสเตอร์อ่อน 1หน้า เบอร์11สีฟ้าเข้ม,7000,แผ่น
,,สาทร ชั้น 1,product_P-PT-012,กระดาษโปสเตอร์อ่อน 1หน้า เบอร์12สีฟ้ากลาง,7500,แผ่น
,,สาทร ชั้น 1,product_P-PT-013,กระดาษโปสเตอร์อ่อน 1หน้า เบอร์13สีฟ้าอ่อน,8800,แผ่น
,,สาทร ชั้น 1,product_P-PT-014,กระดาษโปสเตอร์อ่อน 1หน้า เบอร์14สีม่วงเข้ม,4300,แผ่น
,,สาทร ชั้น 1,product_P-PT-015,กระดาษโปสเตอร์อ่อน 1หน้า เบอร์15สีม่วงอ่อน,7100,แผ่น
,,สาทร ชั้น 1,product_P-PT-016,กระดาษโปสเตอร์อ่อน 1หน้า เบอร์16สีชมพูเข้ม,4200,แผ่น
,,สาทร ชั้น 1,product_P-PT-017,กระดาษโปสเตอร์อ่อน 1หน้า เบอร์17สีชมพูกลาง,800,แผ่น
,,สาทร ชั้น 1,product_P-PT-018,กระดาษโปสเตอร์อ่อน 1หน้า เบอร์18สีน้ำตาล,3400,แผ่น
,,สาทร ชั้น 1,product_P-PT-019,กระดาษโปสเตอร์อ่อน 1หน้า เบอร์19สีดำ,3700,แผ่น
,,สาทร ชั้น 1,product_P-PT-020,กระดาษโปสเตอร์อ่อน 1หน้า เบอร์20สีเทา,4200,แผ่น
,,สาทร ชั้น 1,product_P-PT-022,กระดาษโปสเตอร์อ่อน 2หน้า เบอร์2สีแดงอ่อน,6900,แผ่น
,,สาทร ชั้น 1,product_P-PT-023,กระดาษโปสเตอร์อ่อน 2หน้า เบอร์3สีส้ม,3700,แผ่น
,,สาทร ชั้น 1,product_P-PT-024,กระดาษโปสเตอร์อ่อน 2หน้า เบอร์4สีเหลืองเข้ม,2700,แผ่น
,,สาทร ชั้น 1,product_P-PT-026,กระดาษโปสเตอร์อ่อน 2หน้า เบอร์6สีครีม,2500,แผ่น
,,สาทร ชั้น 1,product_P-PT-028,กระดาษโปสเตอร์อ่อน 2หน้า เบอร์8สีเขียวกลาง,100,แผ่น
,,สาทร ชั้น 1,product_P-PT-030,กระดาษโปสเตอร์อ่อน 2หน้า เบอร์10สีชมพูอ่อน,7100,แผ่น
,,สาทร ชั้น 1,product_P-PT-032,กระดาษโปสเตอร์อ่อน 2หน้า เบอร์12สีฟ้ากลาง,900,แผ่น
,,สาทร ชั้น 1,product_P-PT-034,กระดาษโปสเตอร์อ่อน 2หน้า เบอร์14สีม่วงเข้ม,2100,แผ่น
,,สาทร ชั้น 1,product_P-PT-035,กระดาษโปสเตอร์อ่อน 2หน้า เบอร์15สีม่วงอ่อน,2100,แผ่น
,,สาทร ชั้น 1,product_P-PT-036,กระดาษโปสเตอร์อ่อน 2หน้า เบอร์16สีชมพูเข้ม,2400,แผ่น
,,สาทร ชั้น 1,product_P-PT-037,กระดาษโปสเตอร์อ่อน 2หน้า เบอร์17สีชมพูกลาง,5600,แผ่น
,,สาทร ชั้น 1,product_P-PT-038,กระดาษโปสเตอร์อ่อน 2หน้า เบอร์18สีน้ำตาล,500,แผ่น
,,สาทร ชั้น 1,product_P-PT-040,กระดาษโปสเตอร์อ่อน 2หน้า เบอร์20สีเทา,1300,แผ่น
,,สาทร ชั้น 1,product_P-PT-041,กระดาษโปสเตอร์แข็ง หน้าเดี่ยว เบอร์1สีแดงเข้ม,3850,แผ่น
,,สาทร ชั้น 1,product_P-PT-042,กระดาษโปสเตอร์แข็ง หน้าเดี่ยว เบอร์2สีแดงอ่อน,6600,แผ่น
,,สาทร ชั้น 1,product_P-PT-043,กระดาษโปสเตอร์แข็ง หน้าเดี่ยว เบอร์3สีส้ม,4650,แผ่น
,,สาทร ชั้น 1,product_P-PT-044,กระดาษโปสเตอร์แข็ง หน้าเดี่ยว เบอร์4สีเหลืองเข้ม,500,แผ่น
,,สาทร ชั้น 1,product_P-PT-045,กระดาษโปสเตอร์แข็ง หน้าเดี่ยว เบอร์5สีเหลืองอ่อน,600,แผ่น
,,สาทร ชั้น 1,product_P-PT-046,กระดาษโปสเตอร์แข็ง หน้าเดี่ยว เบอร์6สีครีม,1850,แผ่น
,,สาทร ชั้น 1,product_P-PT-047,กระดาษโปสเตอร์แข็ง หน้าเดี่ยว เบอร์7สีเขียวเข้ม,5550,แผ่น
,,สาทร ชั้น 1,product_P-PT-048,กระดาษโปสเตอร์แข็ง หน้าเดี่ยว เบอร์8สีเขียวกลาง,1500,แผ่น
,,สาทร ชั้น 1,product_P-PT-049,กระดาษโปสเตอร์แข็ง หน้าเดี่ยว เบอร์9สีเขียวอ่อน,3850,แผ่น
,,สาทร ชั้น 1,product_P-PT-050,กระดาษโปสเตอร์แข็ง หน้าเดี่ยว เบอร์10สีชมพูอ่อน,5600,แผ่น
,,สาทร ชั้น 1,product_P-PT-051,กระดาษโปสเตอร์แข็ง หน้าเดี่ยว เบอร์11สีฟ้าเข้ม,3600,แผ่น
,,สาทร ชั้น 1,product_P-PT-052,กระดาษโปสเตอร์แข็ง หน้าเดี่ยว เบอร์12สีฟ้ากลาง,5950,แผ่น
,,สาทร ชั้น 1,product_P-PT-053,กระดาษโปสเตอร์แข็ง หน้าเดี่ยว เบอร์13สีฟ้าอ่อน,5300,แผ่น
,,สาทร ชั้น 1,product_P-PT-054,กระดาษโปสเตอร์แข็ง หน้าเดี่ยว เบอร์14สีม่วงเข้ม,2000,แผ่น
,,สาทร ชั้น 1,product_P-PT-055,กระดาษโปสเตอร์แข็ง หน้าเดี่ยว เบอร์15สีม่วงอ่อน,900,แผ่น
,,สาทร ชั้น 1,product_P-PT-056,กระดาษโปสเตอร์แข็ง หน้าเดี่ยว เบอร์16สีชมพูเข้ม,550,แผ่น
,,สาทร ชั้น 1,product_P-PT-057,กระดาษโปสเตอร์แข็ง หน้าเดี่ยว เบอร์17สีชมพูกลาง,450,แผ่น
,,สาทร ชั้น 1,product_P-PT-059,กระดาษโปสเตอร์แข็ง หน้าเดี่ยว เบอร์19สีดำ,2200,แผ่น
,,สาทร ชั้น 1,product_P-PT-060,กระดาษโปสเตอร์แข็ง หน้าเดี่ยว เบอร์20สีเทา,2000,แผ่น
,,สาทร ชั้น 1,product_P-PT-1SM,กระดาษโปสเตอร์อ่อน 1หน้า คละสี,22500,แผ่น
,,สาทร ชั้น 1,product_P-PT-2SM,กระดาษโปสเตอร์อ่อน 2หน้า คละสี,7600,แผ่น
,,สาทร ชั้น 1,product_P-PT-HM,กระดาษโปสเตอร์แข็ง คละสี,15000,แผ่น
